{
  "num_records": 3720,
  "iou_min": 0.0,
  "iou_max": 1.0,
  "iou_mean": 0.3949878381198188,
  "iou_median": 0.40918258190501683
}