{
  "num_records": 3720,
  "iou_min": 0.0,
  "iou_max": 0.992366373538971,
  "iou_mean": 0.41165218002416987,
  "iou_median": 0.41538460552692413
}